id,query
1,"extract x:str from ""input.txt"" if (/root: { x =/root/npadvmod/prep/pobj/*})"
2,"extract x:str from ""input.txt"" if (/root: { x =//root/amod/conj})"
3,"extract x:str from ""input.txt"" if (/root: { x =//root/csubjpass})"
4,"extract x:str from ""input.txt"" if (/root: { x =/*/ccomp[@pos=""verb""]/dobj[@pos=""noun""]/compound[@pos=""noun""]/amod[@pos=""noun""]})"
5,"extract x:str from ""input.txt"" if (/root: { x =/root[@pos=""verb""]/conj[@pos=""verb""]/nsubj[@pos=""noun""]/*/conj[@pos=""verb""]})"
6,"extract x:str from ""input.txt"" if (/root: { x =/root[@pos=""verb""]/conj[@pos=""verb""]/prep[@pos=""adp""]/pobj[@pos=""noun""]/*})"
7,"extract x:str from ""input.txt"" if (/root: { x =/*/dobj[@pos=""noun""]/prep[@pos=""adp""]/pobj[@pos=""noun""]/parataxis[@pos=""noun"",@text=""km""]})"
8,"extract x:str from ""input.txt"" if (/root: { x =/root[@pos=""verb""]/conj[@pos=""verb""]/*})"
9,"extract x:str from ""input.txt"" if (/root: { x =//root[@pos=""verb""]/prep[@pos=""adp""]/pobj[@pos=""noun""]/det[@pos=""det"",@text=""the""]})"
10,"extract x:str from ""input.txt"" if (/root: { x =/root[@pos=""propn""]/amod[@pos=""verb""]/neg[@pos=""adv""]})"
11,"extract x:str from ""input.txt"" if (/root: { x =/root[@pos=""verb""]/dep[@pos=""verb""]/dobj[@pos=""noun""]/cc[@pos=""cconj""]})"
12,"extract x:str from ""input.txt"" if (/root: { x =/root[@pos=""propn""]/*/det[@pos=""propn""]})"
13,"extract x:str from ""input.txt"" if (/root: { x =/*/advcl[@pos=""verb""]/dobj[@pos=""verb""]})"
14,"extract x:str from ""input.txt"" if (/root: { x =/*/nsubj[@pos=""noun""]/acl[@pos=""verb""]})"
15,"extract x:str from ""input.txt"" if (/root: { x =/root/*/intj})"
16,"extract x:str from ""input.txt"" if (/root: { x =/root[@pos=""verb""]/ccomp[@pos=""noun""]/amod[@pos=""adj""]/*})"
17,"extract x:str from ""input.txt"" if (/root: { x =/root[@pos=""part""]/pobj[@pos=""propn""]})"
18,"extract x:str from ""input.txt"" if (/root: { x =/root/npadvmod/*/amod})"
19,"extract x:str from ""input.txt"" if (/root: { x =/root[@pos=""verb""]/conj[@pos=""verb""]/attr[@pos=""noun"",@text=""member""]})"
20,"extract x:str from ""input.txt"" if (/root: { x =/*/advmod[@pos=""adv"",@text=""easily""]})"
21,"extract x:str from ""input.txt"" if (/root: { x =//root[@pos=""verb""]/conj[@pos=""verb""]/nsubj[@pos=""noun""]/acl[@pos=""verb""]/conj[@pos=""verb""]})"
22,"extract x:str from ""input.txt"" if (/root: { x =/root[@pos=""verb""]/ccomp[@pos=""verb""]/dobj[@pos=""noun""]/*/amod[@pos=""noun""]})"
23,"extract x:str from ""input.txt"" if (/root: { x =/root[@pos=""verb""]/*/dobj[@pos=""verb""]})"
24,"extract x:str from ""input.txt"" if (/root: { x =/root/ccomp/advcl/*/mark})"
25,"extract x:str from ""input.txt"" if (/root: { x =/root[@pos=""verb""]/attr[@pos=""noun""]/*/nsubj[@pos=""adj"",@text=""that""]})"
26,"extract x:str from ""input.txt"" if (/root: { x =//root[@pos=""propn""]/conj[@pos=""verb""]/advcl[@pos=""verb""]/mark[@pos=""adp""]})"
27,"extract x:str from ""input.txt"" if (/root: { x =//root[@pos=""verb""]/dobj[@pos=""noun""]/prep[@pos=""adp"",@text=""of""]})"
28,"extract x:str from ""input.txt"" if (/root: { x =//root[@pos=""verb""]/nsubj[@pos=""propn""]/prep[@pos=""adp""]/pobj[@pos=""det""]})"
29,"extract x:str from ""input.txt"" if (/root: { x =/root[@pos=""verb""]/*/prep[@pos=""adp""]/prep[@pos=""adp""]/pobj[@pos=""noun""]})"
30,"extract x:str from ""input.txt"" if (/root: { x =/root/npadvmod/prep/*/acl})"
31,"extract x:str from ""input.txt"" if (/root: { x =/root[@pos=""verb""]/dobj[@pos=""noun""]/*/pobj[@pos=""noun""]/prep[@pos=""adp"",@text=""per""]})"
32,"extract x:str from ""input.txt"" if (/root: { x =/root[@pos=""verb""]/dobj[@pos=""noun""]/prep[@pos=""adp""]/pobj[@pos=""noun""]/*})"
33,"extract x:str from ""input.txt"" if (/root: { x =/root[@pos=""verb""]/*/nummod[@pos=""num""]})"
34,"extract x:str from ""input.txt"" if (/root: { x =/root[@pos=""verb""]/conj[@pos=""verb""]/prep[@pos=""adp""]/*/prep[@pos=""adp"",@text=""to""]})"
35,"extract x:str from ""input.txt"" if (/root: { x =/root/oprd/prep/pcomp/advmod})"
36,"extract x:str from ""input.txt"" if (/root: { x =/root[@pos=""verb""]/ccomp[@pos=""verb""]/dobj[@pos=""noun""]/compound[@pos=""noun""]/*})"
37,"extract x:str from ""input.txt"" if (/root: { x =//root[@pos=""noun""]/xcomp[@pos=""verb""]/advcl[@pos=""verb""]})"
38,"extract x:str from ""input.txt"" if (/root: { x =/root/advcl/*/conj/aux})"
39,"extract x:str from ""input.txt"" if (/root: { x =/root[@pos=""verb""]/xcomp[@pos=""verb""]/advcl[@pos=""verb""]/advmod[@pos=""adp""]})"
40,"extract x:str from ""input.txt"" if (/root: { x =/root/*/advcl})"
41,"extract x:str from ""input.txt"" if (/root: { x =//root[@pos=""verb""]/advmod[@pos=""verb""]})"
42,"extract x:str from ""input.txt"" if (/root: { x =//root[@pos=""noun""]/prep[@pos=""adp""]/pobj[@pos=""noun""]/acl[@pos=""verb"",@text=""released""]})"
43,"extract x:str from ""input.txt"" if (/root: { x =/*/advcl[@pos=""verb"",@text=""stemming""]})"
44,"extract x:str from ""input.txt"" if (/root: { x =/root/appos/*/nmod})"
45,"extract x:str from ""input.txt"" if (/root: { x =//root[@pos=""verb""]/advcl[@pos=""verb""]/prep[@pos=""adp""]/pobj[@pos=""propn""]/compound[@pos=""propn"",@text=""film""]})"
46,"extract x:str from ""input.txt"" if (/root: { x =/root[@pos=""verb""]/*/prep[@pos=""adp"",@text=""than""]})"
47,"extract x:str from ""input.txt"" if (/root: { x =/root/dep/dobj/*})"
48,"extract x:str from ""input.txt"" if (/root: { x =/root[@pos=""noun""]/prep[@pos=""adp""]/pobj[@pos=""noun"",@text=""systems""]})"
49,"extract x:str from ""input.txt"" if (/root: { x =/root[@pos=""verb""]/*/prep[@pos=""adp""]/pobj[@pos=""noun""]/prep[@pos=""adp"",@text=""to""]})"
50,"extract x:str from ""input.txt"" if (/root: { x =/root[@pos=""verb""]/*/nsubj[@pos=""pron"",@text=""he""]})"
51,"extract x:str from ""input.txt"" if (/root: { x =/root/amod/conj})"
52,"extract x:str from ""input.txt"" if (/root: { x =/*/dobj[@pos=""noun"",@text=""brothers""]})"
53,"extract x:str from ""input.txt"" if (/root: { x =/*/ccomp[@pos=""verb""]/nsubj[@pos=""pron"",@text=""he""]})"
54,"extract x:str from ""input.txt"" if (/root: { x =/*/prep[@pos=""adp""]/pobj[@pos=""noun"",@text=""systems""]})"
55,"extract x:str from ""input.txt"" if (/root: { x =/root/conj/xcomp/*})"
56,"extract x:str from ""input.txt"" if (/root: { x =/root[@pos=""verb""]/*/amod[@pos=""adj""]/npadvmod[@pos=""noun""]})"
57,"extract x:str from ""input.txt"" if (/root: { x =/root[@pos=""verb""]/prep[@pos=""adp""]/pobj[@pos=""noun""]/*})"
58,"extract x:str from ""input.txt"" if (/root: { x =/*/conj[@pos=""x""]})"
59,"extract x:str from ""input.txt"" if (/root: { x =/root[@pos=""verb""]/dobj[@pos=""noun""]/*/pobj[@pos=""noun""]/parataxis[@pos=""noun"",@text=""km""]})"
60,"extract x:str from ""input.txt"" if (/root: { x =/root[@pos=""verb""]/ccomp[@pos=""verb""]/*})"
61,"extract x:str from ""input.txt"" if (/root: { x =//root[@pos=""verb""]/dep[@pos=""verb""]/dobj[@pos=""noun""]/cc[@pos=""cconj""]})"
62,"extract x:str from ""input.txt"" if (/root: { x =//root[@pos=""noun""]/appos[@pos=""verb""]/dobj[@pos=""propn""]})"
63,"extract x:str from ""input.txt"" if (/root: { x =/root[@pos=""verb""]/dobj[@pos=""propn""]/prep[@pos=""adp""]/*/prep[@pos=""adp"",@text=""of""]})"
64,"extract x:str from ""input.txt"" if (/root: { x =/root[@pos=""verb""]/*/attr[@pos=""noun"",@text=""member""]})"
65,"extract x:str from ""input.txt"" if (/root: { x =/*/advcl/intj})"
66,"extract x:str from ""input.txt"" if (/root: { x =/*/agent/cc})"
67,"extract x:str from ""input.txt"" if (/root: { x =/root/oprd/prep/pcomp/*})"
68,"extract x:str from ""input.txt"" if (/root: { x =/root/agent/*})"
69,"extract x:str from ""input.txt"" if (/root: { x =/root[@pos=""propn""]/conj[@pos=""verb""]/advcl[@pos=""verb""]/mark[@pos=""adp""]})"
70,"extract x:str from ""input.txt"" if (/root: { x =/root/*/nmod/amod})"
71,"extract x:str from ""input.txt"" if (/root: { x =/*/dobj/relcl/attr/relcl})"
72,"extract x:str from ""input.txt"" if (/root: { x =/root[@pos=""verb""]/*/prep[@pos=""adp""]/pobj[@pos=""noun""]/prep[@pos=""adp"",@text=""per""]})"
73,"extract x:str from ""input.txt"" if (/root: { x =/root[@pos=""verb""]/dep[@pos=""verb""]/*/cc[@pos=""cconj""]})"
74,"extract x:str from ""input.txt"" if (/root: { x =//root[@pos=""verb""]/xcomp[@pos=""verb""]/advmod[@pos=""adp""]})"
75,"extract x:str from ""input.txt"" if (/root: { x =/root/*/amod/compound})"
76,"extract x:str from ""input.txt"" if (/root: { x =/*/npadvmod/prep/pobj/acl})"
77,"extract x:str from ""input.txt"" if (/root: { x =/*/nsubjpass[@pos=""noun""]/prep[@pos=""part""]})"
78,"extract x:str from ""input.txt"" if (/root: { x =//root[@pos=""verb""]/ccomp[@pos=""noun""]/amod[@pos=""adj""]/npadvmod[@pos=""noun""]})"
79,"extract x:str from ""input.txt"" if (/root: { x =/root/appos/nsubj/nmod})"
80,"extract x:str from ""input.txt"" if (/root: { x =/root[@pos=""verb""]/*/prep[@pos=""adp"",@text=""of""]})"
81,"extract x:str from ""input.txt"" if (/root: { x =/root/dobj/relcl/*/relcl})"
82,"extract x:str from ""input.txt"" if (/root: { x =/root/advcl/conj/conj/aux})"
83,"extract x:str from ""input.txt"" if (/root: { x =/root[@pos=""verb""]/nsubjpass[@pos=""noun""]/*})"
84,"extract x:str from ""input.txt"" if (/root: { x =/root[@pos=""verb""]/dobj[@pos=""propn""]/*/pobj[@pos=""propn""]/prep[@pos=""adp"",@text=""of""]})"
85,"extract x:str from ""input.txt"" if (/root: { x =/root/*/advcl/ccomp/mark})"
86,"extract x:str from ""input.txt"" if (/root: { x =/root[@pos=""verb""]/conj[@pos=""verb""]/*/acl[@pos=""verb""]/conj[@pos=""verb""]})"
87,"extract x:str from ""input.txt"" if (/root: { x =/root[@pos=""verb""]/advcl[@pos=""verb"",@text=""let""]})"
88,"extract x:str from ""input.txt"" if (/root: { x =//root[@pos=""verb""]/ccomp[@pos=""verb""]/dobj[@pos=""noun""]/compound[@pos=""noun""]/amod[@pos=""noun""]})"
89,"extract x:str from ""input.txt"" if (/root: { x =/root[@pos=""noun""]/prep[@pos=""adp""]/pobj[@pos=""noun""]/*})"
90,"extract x:str from ""input.txt"" if (/root: { x =/root[@pos=""verb""]/prep[@pos=""adp""]/pobj[@pos=""noun""]/*})"
91,"extract x:str from ""input.txt"" if (/root: { x =/root[@pos=""verb""]/dobj[@pos=""noun""]/prep[@pos=""adp""]/*/prep[@pos=""adp"",@text=""per""]})"
92,"extract x:str from ""input.txt"" if (/root: { x =/root/npadvmod/nmod/*})"
93,"extract x:str from ""input.txt"" if (/root: { x =/root/*/cc})"
94,"extract x:str from ""input.txt"" if (/root: { x =//root[@pos=""noun""]/conj[@pos=""x""]})"
95,"extract x:str from ""input.txt"" if (/root: { x =/root[@pos=""verb""]/dobj[@pos=""propn""]/prep[@pos=""adp""]/pobj[@pos=""propn""]/prep[@pos=""adp"",@text=""of""]})"
96,"extract x:str from ""input.txt"" if (/root: { x =/root/oprd/*/pcomp/advmod})"
97,"extract x:str from ""input.txt"" if (/root: { x =/root[@pos=""verb""]/dobj[@pos=""noun""]/prep[@pos=""adp""]/pobj[@pos=""noun""]/parataxis[@pos=""noun"",@text=""km""]})"
98,"extract x:str from ""input.txt"" if (/root: { x =/root/quantmod})"
99,"extract x:str from ""input.txt"" if (/root: { x =/*/prep[@pos=""adp""]/pobj[@pos=""noun""]/prep[@pos=""adp"",@text=""of""]})"
100,"extract x:str from ""input.txt"" if (/root: { x =/root/appos/*/det})"
101,"extract x:str from ""input.txt"" if (/root: { x =/root/conj/amod/*})"
102,"extract x:str from ""input.txt"" if (/root: { x =/*/amod[@pos=""verb""]/neg[@pos=""adv""]})"
103,"extract x:str from ""input.txt"" if (/root: { x =/root[@pos=""verb""]/*/prep[@pos=""part""]})"
104,"extract x:str from ""input.txt"" if (/root: { x =/*/dobj[@pos=""propn""]/prep[@pos=""adp""]/pobj[@pos=""propn""]/prep[@pos=""adp"",@text=""of""]})"
105,"extract x:str from ""input.txt"" if (/root: { x =/root/appos/intj/*})"
106,"extract x:str from ""input.txt"" if (/root: { x =/root[@pos=""verb""]/advcl[@pos=""verb""]/prep[@pos=""adp""]/pobj[@pos=""propn""]/*})"
107,"extract x:str from ""input.txt"" if (/root: { x =/root[@pos=""verb""]/dobj[@pos=""noun""]/prep[@pos=""adp"",@text=""of""]})"
108,"extract x:str from ""input.txt"" if (/root: { x =/root[@pos=""verb""]/prep[@pos=""adp""]/prep[@pos=""verb""]/*/pobj[@pos=""noun""]})"
109,"extract x:str from ""input.txt"" if (/root: { x =/root[@pos=""verb""]/xcomp[@pos=""verb""]/*/prep[@pos=""adp""]/pobj[@pos=""noun""]})"
110,"extract x:str from ""input.txt"" if (/root: { x =//root[@pos=""noun""]/nsubj[@pos=""noun""]/acl[@pos=""verb""]})"
111,"extract x:str from ""input.txt"" if (/root: { x =/*/advcl[@pos=""verb""]/prep[@pos=""adp""]/pobj[@pos=""propn""]/compound[@pos=""propn"",@text=""film""]})"
112,"extract x:str from ""input.txt"" if (/root: { x =/root/dep/dobj/amod})"
113,"extract x:str from ""input.txt"" if (/root: { x =/root/oprd/prep/*/advmod})"
114,"extract x:str from ""input.txt"" if (/root: { x =/root[@pos=""verb""]/nsubjpass[@pos=""pron"",@text=""it""]})"
115,"extract x:str from ""input.txt"" if (/root: { x =/root/dobj/*/attr/relcl})"
116,"extract x:str from ""input.txt"" if (/root: { x =/root/*/amod/det})"
117,"extract x:str from ""input.txt"" if (/root: { x =/*/conj[@pos=""verb""]/xcomp[@pos=""verb""]/prep[@pos=""part""]/pobj[@pos=""noun""]})"
118,"extract x:str from ""input.txt"" if (/root: { x =/root[@pos=""verb""]/advcl[@pos=""verb"",@text=""stemming""]})"
119,"extract x:str from ""input.txt"" if (/root: { x =/root[@pos=""verb""]/xcomp[@pos=""verb""]/prep[@pos=""adp""]/prep[@pos=""adp""]/*})"
120,"extract x:str from ""input.txt"" if (/root: { x =/root/dobj/relcl/attr/*})"
121,"extract x:str from ""input.txt"" if (/root: { x =/*/attr[@pos=""noun""]/relcl[@pos=""verb""]/nsubj[@pos=""adj"",@text=""that""]})"
122,"extract x:str from ""input.txt"" if (/root: { x =//root[@pos=""verb""]/conj[@pos=""verb""]/prep[@pos=""adp""]/pobj[@pos=""noun""]/prep[@pos=""adp"",@text=""to""]})"
123,"extract x:str from ""input.txt"" if (/root: { x =/*/acomp[@pos=""adj""]/prep[@pos=""adp"",@text=""than""]})"
124,"extract x:str from ""input.txt"" if (/root: { x =/*/csubjpass})"
125,"extract x:str from ""input.txt"" if (/root: { x =/root/*/prep/pcomp/advmod})"
126,"extract x:str from ""input.txt"" if (/root: { x =//root[@pos=""verb""]/dobj[@pos=""noun"",@text=""brothers""]})"
127,"extract x:str from ""input.txt"" if (/root: { x =/*/prep[@pos=""adp""]/pobj[@pos=""noun""]/acl[@pos=""verb"",@text=""released""]})"
128,"extract x:str from ""input.txt"" if (/root: { x =//root[@pos=""verb""]/acomp[@pos=""adj""]/prep[@pos=""adp"",@text=""than""]})"
129,"extract x:str from ""input.txt"" if (/root: { x =//root/npadvmod/nmod/amod})"
130,"extract x:str from ""input.txt"" if (/root: { x =/root[@pos=""verb""]/attr[@pos=""noun""]/relcl[@pos=""verb""]/nsubj[@pos=""adj"",@text=""that""]})"
131,"extract x:str from ""input.txt"" if (/root: { x =/*/xcomp[@pos=""verb""]/advmod[@pos=""adp""]})"
132,"extract x:str from ""input.txt"" if (/root: { x =/root/npadvmod/nmod/amod})"
133,"extract x:str from ""input.txt"" if (/root: { x =/*/conj/amod/compound})"
134,"extract x:str from ""input.txt"" if (/root: { x =/root/appos/amod/det})"
135,"extract x:str from ""input.txt"" if (/root: { x =/root[@pos=""verb""]/ccomp[@pos=""verb""]/*/compound[@pos=""noun""]/amod[@pos=""noun""]})"
136,"extract x:str from ""input.txt"" if (/root: { x =/root[@pos=""verb""]/*/prep[@pos=""verb""]/prep[@pos=""adp""]/pobj[@pos=""noun""]})"
137,"extract x:str from ""input.txt"" if (/root: { x =/root/*/prep/pobj/acl})"
138,"extract x:str from ""input.txt"" if (/root: { x =//root/oprd/prep/pcomp/advmod})"
139,"extract x:str from ""input.txt"" if (/root: { x =/root[@pos=""verb""]/prep[@pos=""adp""]/pobj[@pos=""noun""]/amod[@pos=""adj"",@text=""rural""]})"
140,"extract x:str from ""input.txt"" if (/root: { x =/root/nmod/*})"
141,"extract x:str from ""input.txt"" if (/root: { x =/root[@pos=""noun""]/appos[@pos=""verb""]/dobj[@pos=""propn""]})"
142,"extract x:str from ""input.txt"" if (/root: { x =//root[@pos=""verb""]/nsubjpass[@pos=""pron"",@text=""it""]})"
143,"extract x:str from ""input.txt"" if (/root: { x =/root[@pos=""noun""]/*/dobj[@pos=""propn""]})"
144,"extract x:str from ""input.txt"" if (/root: { x =/root[@pos=""verb""]/ccomp[@pos=""noun""]/amod[@pos=""adj""]/npadvmod[@pos=""noun""]})"
145,"extract x:str from ""input.txt"" if (/root: { x =/root/advcl/intj})"
146,"extract x:str from ""input.txt"" if (/root: { x =//root/quantmod})"
147,"extract x:str from ""input.txt"" if (/root: { x =/root/*/intj/compound})"
148,"extract x:str from ""input.txt"" if (/root: { x =/*/advcl[@pos=""verb"",@text=""let""]})"
149,"extract x:str from ""input.txt"" if (/root: { x =/root[@pos=""verb""]/advcl[@pos=""verb""]/*})"
150,"extract x:str from ""input.txt"" if (/root: { x =/root[@pos=""verb""]/xcomp[@pos=""verb""]/prep[@pos=""adp""]/prep[@pos=""adp""]/pobj[@pos=""noun""]})"
151,"extract x:str from ""input.txt"" if (/root: { x =/root[@pos=""verb""]/conj[@pos=""verb""]/xcomp[@pos=""verb""]/*/pobj[@pos=""noun""]})"
152,"extract x:str from ""input.txt"" if (/root: { x =/root/conj/*/amod})"
153,"extract x:str from ""input.txt"" if (/root: { x =/*/dobj[@pos=""noun""]/prep[@pos=""adp"",@text=""of""]})"
154,"extract x:str from ""input.txt"" if (/root: { x =/root/dobj/relcl/attr/relcl})"
155,"extract x:str from ""input.txt"" if (/root: { x =/root[@pos=""verb""]/advmod[@pos=""x""]})"
156,"extract x:str from ""input.txt"" if (/root: { x =/root/*/advmod})"
157,"extract x:str from ""input.txt"" if (/root: { x =//root[@pos=""propn""]/amod[@pos=""verb""]/neg[@pos=""adv""]})"
158,"extract x:str from ""input.txt"" if (/root: { x =/root[@pos=""verb""]/*/xcomp[@pos=""verb""]/prep[@pos=""part""]/pobj[@pos=""noun""]})"
159,"extract x:str from ""input.txt"" if (/root: { x =/root[@pos=""verb""]/prep[@pos=""adp""]/pobj[@pos=""noun""]/*})"
160,"extract x:str from ""input.txt"" if (/root: { x =/*/nsubjpass[@pos=""propn""]/nummod[@pos=""num""]})"
161,"extract x:str from ""input.txt"" if (/root: { x =/root[@pos=""verb""]/dobj[@pos=""noun""]/prep[@pos=""adp""]/pobj[@pos=""noun""]/*})"
162,"extract x:str from ""input.txt"" if (/root: { x =/root[@pos=""verb""]/*/relcl[@pos=""verb""]/nsubj[@pos=""adj"",@text=""that""]})"
163,"extract x:str from ""input.txt"" if (/root: { x =//root/advcl/conj/conj/aux})"
164,"extract x:str from ""input.txt"" if (/root: { x =/*/appos[@pos=""propn""]/det[@pos=""propn""]})"
165,"extract x:str from ""input.txt"" if (/root: { x =/*/appos/nsubj/nmod})"
166,"extract x:str from ""input.txt"" if (/root: { x =/root[@pos=""verb""]/advcl[@pos=""verb""]/prep[@pos=""adp""]/pobj[@pos=""propn""]/compound[@pos=""propn"",@text=""film""]})"
167,"extract x:str from ""input.txt"" if (/root: { x =//root[@pos=""noun""]/amod[@pos=""x""]})"
168,"extract x:str from ""input.txt"" if (/root: { x =/*/amod/conj})"
169,"extract x:str from ""input.txt"" if (/root: { x =/root/nmod/advcl})"
170,"extract x:str from ""input.txt"" if (/root: { x =/root[@pos=""verb""]/dobj[@pos=""noun""]/*})"
171,"extract x:str from ""input.txt"" if (/root: { x =//root[@pos=""noun""]/prep[@pos=""adp""]/pobj[@pos=""noun"",@text=""systems""]})"
172,"extract x:str from ""input.txt"" if (/root: { x =/root[@pos=""verb""]/prep[@pos=""adp""]/*/prep[@pos=""adp""]/pobj[@pos=""noun""]})"
173,"extract x:str from ""input.txt"" if (/root: { x =/*/advcl/conj/conj/aux})"
174,"extract x:str from ""input.txt"" if (/root: { x =/*/dep[@pos=""verb""]/dobj[@pos=""noun""]/cc[@pos=""cconj""]})"
175,"extract x:str from ""input.txt"" if (/root: { x =/root[@pos=""noun""]/*/acl[@pos=""verb""]})"
176,"extract x:str from ""input.txt"" if (/root: { x =//root[@pos=""verb""]/advcl[@pos=""verb""]/dobj[@pos=""verb""]})"
177,"extract x:str from ""input.txt"" if (/root: { x =/root/appos/intj/compound})"
178,"extract x:str from ""input.txt"" if (/root: { x =/root[@pos=""verb""]/nsubjpass[@pos=""noun""]/prep[@pos=""part""]})"
179,"extract x:str from ""input.txt"" if (/root: { x =/root[@pos=""verb""]/advmod[@pos=""verb""]})"
180,"extract x:str from ""input.txt"" if (/root: { x =/root[@pos=""noun""]/*/pobj[@pos=""noun""]/acl[@pos=""verb"",@text=""released""]})"
181,"extract x:str from ""input.txt"" if (/root: { x =/root[@pos=""verb""]/xcomp[@pos=""verb""]/*/advmod[@pos=""adp""]})"
182,"extract x:str from ""input.txt"" if (/root: { x =/root[@pos=""verb""]/acomp[@pos=""adj""]/prep[@pos=""adp"",@text=""than""]})"
183,"extract x:str from ""input.txt"" if (/root: { x =/root/amod/*})"
184,"extract x:str from ""input.txt"" if (/root: { x =/*/punct/advmod})"
185,"extract x:str from ""input.txt"" if (/root: { x =/root/agent/cc})"
186,"extract x:str from ""input.txt"" if (/root: { x =//root/punct/advmod})"
187,"extract x:str from ""input.txt"" if (/root: { x =/root[@pos=""noun""]/nsubj[@pos=""noun""]/*})"
188,"extract x:str from ""input.txt"" if (/root: { x =//root/appos/amod/det})"
189,"extract x:str from ""input.txt"" if (/root: { x =//root[@pos=""verb""]/advcl[@pos=""verb"",@text=""let""]})"
190,"extract x:str from ""input.txt"" if (/root: { x =/root[@pos=""verb""]/conj[@pos=""verb""]/nsubj[@pos=""noun""]/acl[@pos=""verb""]/*})"
191,"extract x:str from ""input.txt"" if (/root: { x =/root[@pos=""verb""]/nsubj[@pos=""propn""]/*/pobj[@pos=""det""]})"
192,"extract x:str from ""input.txt"" if (/root: { x =/root[@pos=""verb""]/*/dobj[@pos=""noun""]/cc[@pos=""cconj""]})"
193,"extract x:str from ""input.txt"" if (/root: { x =/*/prep[@pos=""adp""]/pobj[@pos=""noun""]/amod[@pos=""adj"",@text=""rural""]})"
194,"extract x:str from ""input.txt"" if (/root: { x =//root/appos/intj/compound})"
195,"extract x:str from ""input.txt"" if (/root: { x =/*/ccomp[@pos=""noun""]/amod[@pos=""adj""]/npadvmod[@pos=""noun""]})"
196,"extract x:str from ""input.txt"" if (/root: { x =/root[@pos=""verb""]/prep[@pos=""adp""]/prep[@pos=""verb""]/prep[@pos=""adp""]/pobj[@pos=""noun""]})"
197,"extract x:str from ""input.txt"" if (/root: { x =/root[@pos=""verb""]/dep[@pos=""verb""]/dobj[@pos=""noun""]/*})"
198,"extract x:str from ""input.txt"" if (/root: { x =//root/conj/xcomp/amod})"
199,"extract x:str from ""input.txt"" if (/root: { x =/*/prep[@pos=""adp""]/prep[@pos=""verb""]/prep[@pos=""adp""]/pobj[@pos=""noun""]})"
200,"extract x:str from ""input.txt"" if (/root: { x =/root/appos/*/compound})"
201,"extract x:str from ""input.txt"" if (/root: { x =/root[@pos=""verb""]/conj[@pos=""verb""]/xcomp[@pos=""verb""]/prep[@pos=""part""]/*})"
202,"extract x:str from ""input.txt"" if (/root: { x =//root[@pos=""verb""]/dobj[@pos=""noun""]/prep[@pos=""adp""]/pobj[@pos=""noun""]/parataxis[@pos=""noun"",@text=""km""]})"
203,"extract x:str from ""input.txt"" if (/root: { x =//root[@pos=""verb""]/xcomp[@pos=""verb""]/advcl[@pos=""verb""]/advmod[@pos=""adp""]})"
204,"extract x:str from ""input.txt"" if (/root: { x =/root[@pos=""verb""]/ccomp[@pos=""noun""]/*/npadvmod[@pos=""noun""]})"
205,"extract x:str from ""input.txt"" if (/root: { x =/*/advmod[@pos=""verb""]})"
206,"extract x:str from ""input.txt"" if (/root: { x =//root[@pos=""verb""]/advcl[@pos=""verb"",@text=""stemming""]})"
207,"extract x:str from ""input.txt"" if (/root: { x =/root/ccomp/advcl/ccomp/*})"
208,"extract x:str from ""input.txt"" if (/root: { x =/*/conj[@pos=""verb""]/advcl[@pos=""verb""]/mark[@pos=""adp""]})"
209,"extract x:str from ""input.txt"" if (/root: { x =/root[@pos=""verb""]/*/advmod[@pos=""adp""]})"
210,"extract x:str from ""input.txt"" if (/root: { x =//root[@pos=""verb""]/prep[@pos=""adp""]/pobj[@pos=""noun""]/prep[@pos=""adp"",@text=""of""]})"
211,"extract x:str from ""input.txt"" if (/root: { x =//root[@pos=""verb""]/dobj[@pos=""propn""]/prep[@pos=""adp""]/pobj[@pos=""propn""]/prep[@pos=""adp"",@text=""of""]})"
212,"extract x:str from ""input.txt"" if (/root: { x =/*/xcomp[@pos=""verb""]/advcl[@pos=""verb""]})"
213,"extract x:str from ""input.txt"" if (/root: { x =/root[@pos=""verb""]/conj[@pos=""verb""]/*/prep[@pos=""part""]/pobj[@pos=""noun""]})"
214,"extract x:str from ""input.txt"" if (/root: { x =/*/npadvmod/nmod/amod})"
215,"extract x:str from ""input.txt"" if (/root: { x =/root[@pos=""verb""]/attr[@pos=""noun""]/relcl[@pos=""verb""]/*})"
216,"extract x:str from ""input.txt"" if (/root: { x =//root[@pos=""verb""]/conj[@pos=""verb""]/xcomp[@pos=""verb""]/prep[@pos=""part""]/pobj[@pos=""noun""]})"
217,"extract x:str from ""input.txt"" if (/root: { x =/root[@pos=""noun""]/xcomp[@pos=""verb""]/*})"
218,"extract x:str from ""input.txt"" if (/root: { x =//root[@pos=""verb""]/advmod[@pos=""x""]})"
219,"extract x:str from ""input.txt"" if (/root: { x =//root[@pos=""verb""]/attr[@pos=""noun""]/relcl[@pos=""verb""]/nsubj[@pos=""adj"",@text=""that""]})"
220,"extract x:str from ""input.txt"" if (/root: { x =/root[@pos=""verb""]/*/pobj[@pos=""noun""]/amod[@pos=""adj"",@text=""rural""]})"
221,"extract x:str from ""input.txt"" if (/root: { x =//root/conj/amod/compound})"
222,"extract x:str from ""input.txt"" if (/root: { x =//root/dep/dobj/amod})"
223,"extract x:str from ""input.txt"" if (/root: { x =//root/ccomp/advcl/ccomp/mark})"
224,"extract x:str from ""input.txt"" if (/root: { x =/root[@pos=""verb""]/advcl[@pos=""verb""]/dobj[@pos=""verb""]})"
225,"extract x:str from ""input.txt"" if (/root: { x =/root/ccomp/advcl/ccomp/mark})"
226,"extract x:str from ""input.txt"" if (/root: { x =/root/conj/xcomp/amod})"
227,"extract x:str from ""input.txt"" if (/root: { x =//root/nmod/advcl})"
228,"extract x:str from ""input.txt"" if (/root: { x =//root[@pos=""propn""]/appos[@pos=""propn""]/det[@pos=""propn""]})"
229,"extract x:str from ""input.txt"" if (/root: { x =/root/npadvmod/*/pobj/acl})"
230,"extract x:str from ""input.txt"" if (/root: { x =/root[@pos=""propn""]/appos[@pos=""propn""]/*})"
231,"extract x:str from ""input.txt"" if (/root: { x =/*/xcomp[@pos=""verb""]/prep[@pos=""adp""]/prep[@pos=""adp""]/pobj[@pos=""noun""]})"
232,"extract x:str from ""input.txt"" if (/root: { x =/root[@pos=""verb""]/conj[@pos=""verb""]/prep[@pos=""adp""]/pobj[@pos=""noun""]/prep[@pos=""adp"",@text=""to""]})"
233,"extract x:str from ""input.txt"" if (/root: { x =//root[@pos=""verb""]/prep[@pos=""adp""]/prep[@pos=""verb""]/prep[@pos=""adp""]/pobj[@pos=""noun""]})"
234,"extract x:str from ""input.txt"" if (/root: { x =/root[@pos=""verb""]/prep[@pos=""adp""]/*/prep[@pos=""adp"",@text=""of""]})"
235,"extract x:str from ""input.txt"" if (/root: { x =/root/appos/nsubj/*})"
236,"extract x:str from ""input.txt"" if (/root: { x =/root[@pos=""verb""]/advcl[@pos=""verb""]/prep[@pos=""adp""]/*/compound[@pos=""propn"",@text=""film""]})"
237,"extract x:str from ""input.txt"" if (/root: { x =/root[@pos=""verb""]/prep[@pos=""adp""]/pobj[@pos=""noun""]/det[@pos=""det"",@text=""the""]})"
238,"extract x:str from ""input.txt"" if (/root: { x =/*/amod/agent})"
239,"extract x:str from ""input.txt"" if (/root: { x =/root/advcl/conj/conj/*})"
240,"extract x:str from ""input.txt"" if (/root: { x =/root/advcl/*})"
241,"extract x:str from ""input.txt"" if (/root: { x =//root[@pos=""verb""]/advmod[@pos=""adv"",@text=""easily""]})"
242,"extract x:str from ""input.txt"" if (/root: { x =/*/advmod[@pos=""x""]})"
243,"extract x:str from ""input.txt"" if (/root: { x =/root[@pos=""verb""]/dobj[@pos=""noun""]/prep[@pos=""adp""]/*/parataxis[@pos=""noun"",@text=""km""]})"
244,"extract x:str from ""input.txt"" if (/root: { x =/root[@pos=""propn""]/*/neg[@pos=""adv""]})"
245,"extract x:str from ""input.txt"" if (/root: { x =/root/*/agent})"
246,"extract x:str from ""input.txt"" if (/root: { x =/root[@pos=""noun""]/*/pobj[@pos=""noun"",@text=""systems""]})"
247,"extract x:str from ""input.txt"" if (/root: { x =/root[@pos=""verb""]/*/prep[@pos=""adp""]/pobj[@pos=""noun""]/parataxis[@pos=""noun"",@text=""km""]})"
248,"extract x:str from ""input.txt"" if (/root: { x =/root[@pos=""noun""]/prep[@pos=""adp""]/pobj[@pos=""noun""]/acl[@pos=""verb"",@text=""released""]})"
249,"extract x:str from ""input.txt"" if (/root: { x =/root[@pos=""verb""]/acomp[@pos=""adj""]/*})"
250,"extract x:str from ""input.txt"" if (/root: { x =/root[@pos=""propn""]/*/advcl[@pos=""verb""]/mark[@pos=""adp""]})"
251,"extract x:str from ""input.txt"" if (/root: { x =//root[@pos=""verb""]/dobj[@pos=""noun""]/prep[@pos=""adp""]/pobj[@pos=""noun""]/prep[@pos=""adp"",@text=""per""]})"
252,"extract x:str from ""input.txt"" if (/root: { x =/*/ccomp/advcl/ccomp/mark})"
253,"extract x:str from ""input.txt"" if (/root: { x =/root[@pos=""noun""]/*/advcl[@pos=""verb""]})"
254,"extract x:str from ""input.txt"" if (/root: { x =//root[@pos=""verb""]/conj[@pos=""verb""]/attr[@pos=""noun"",@text=""member""]})"
255,"extract x:str from ""input.txt"" if (/root: { x =/*/quantmod})"
256,"extract x:str from ""input.txt"" if (/root: { x =/root[@pos=""noun""]/nsubj[@pos=""noun""]/acl[@pos=""verb""]})"
257,"extract x:str from ""input.txt"" if (/root: { x =/root[@pos=""verb""]/*/pobj[@pos=""noun""]/prep[@pos=""adp"",@text=""of""]})"
258,"extract x:str from ""input.txt"" if (/root: { x =/root/*/conj})"
259,"extract x:str from ""input.txt"" if (/root: { x =//root[@pos=""verb""]/ccomp[@pos=""verb""]/nsubj[@pos=""pron"",@text=""he""]})"
260,"extract x:str from ""input.txt"" if (/root: { x =/root[@pos=""noun""]/amod[@pos=""x""]})"
261,"extract x:str from ""input.txt"" if (/root: { x =/root[@pos=""verb""]/nsubjpass[@pos=""propn""]/*})"
262,"extract x:str from ""input.txt"" if (/root: { x =/*/dobj[@pos=""noun""]/prep[@pos=""adp""]/pobj[@pos=""noun""]/prep[@pos=""adp"",@text=""per""]})"
263,"extract x:str from ""input.txt"" if (/root: { x =/root/*/relcl/attr/relcl})"
264,"extract x:str from ""input.txt"" if (/root: { x =/*/appos[@pos=""verb""]/dobj[@pos=""propn""]})"
265,"extract x:str from ""input.txt"" if (/root: { x =/*/prep[@pos=""adp""]/pobj[@pos=""noun""]/det[@pos=""det"",@text=""the""]})"
266,"extract x:str from ""input.txt"" if (/root: { x =/root[@pos=""verb""]/advcl[@pos=""verb""]/*/pobj[@pos=""propn""]/compound[@pos=""propn"",@text=""film""]})"
267,"extract x:str from ""input.txt"" if (/root: { x =/root[@pos=""verb""]/*/prep[@pos=""adp""]/pobj[@pos=""propn""]/prep[@pos=""adp"",@text=""of""]})"
268,"extract x:str from ""input.txt"" if (/root: { x =/root/dep/*/amod})"
269,"extract x:str from ""input.txt"" if (/root: { x =/root[@pos=""verb""]/ccomp[@pos=""verb""]/dobj[@pos=""noun""]/compound[@pos=""noun""]/amod[@pos=""noun""]})"
270,"extract x:str from ""input.txt"" if (/root: { x =/root[@pos=""verb""]/*/prep[@pos=""adp""]/pobj[@pos=""det""]})"
271,"extract x:str from ""input.txt"" if (/root: { x =/root[@pos=""verb""]/*/advcl[@pos=""verb""]/advmod[@pos=""adp""]})"
272,"extract x:str from ""input.txt"" if (/root: { x =/root[@pos=""verb""]/xcomp[@pos=""verb""]/*})"
273,"extract x:str from ""input.txt"" if (/root: { x =/root[@pos=""verb""]/xcomp[@pos=""verb""]/advmod[@pos=""adp""]})"
274,"extract x:str from ""input.txt"" if (/root: { x =/root[@pos=""verb""]/dobj[@pos=""noun""]/prep[@pos=""adp""]/pobj[@pos=""noun""]/prep[@pos=""adp"",@text=""per""]})"
275,"extract x:str from ""input.txt"" if (/root: { x =/*/pobj[@pos=""propn""]})"
276,"extract x:str from ""input.txt"" if (/root: { x =/root[@pos=""propn""]/amod[@pos=""verb""]/*})"
277,"extract x:str from ""input.txt"" if (/root: { x =/root/npadvmod/prep/pobj/acl})"
278,"extract x:str from ""input.txt"" if (/root: { x =/root/*/dobj/amod})"
279,"extract x:str from ""input.txt"" if (/root: { x =//root[@pos=""verb""]/nsubjpass[@pos=""propn""]/nummod[@pos=""num""]})"
280,"extract x:str from ""input.txt"" if (/root: { x =//root[@pos=""verb""]/nsubjpass[@pos=""noun""]/prep[@pos=""part""]})"
281,"extract x:str from ""input.txt"" if (/root: { x =/root/amod/*})"
282,"extract x:str from ""input.txt"" if (/root: { x =/*/xcomp[@pos=""verb""]/advcl[@pos=""verb""]/advmod[@pos=""adp""]})"
283,"extract x:str from ""input.txt"" if (/root: { x =/*/dep/dobj/amod})"
284,"extract x:str from ""input.txt"" if (/root: { x =/root[@pos=""verb""]/ccomp[@pos=""verb""]/nsubj[@pos=""pron"",@text=""he""]})"
285,"extract x:str from ""input.txt"" if (/root: { x =/*/amod[@pos=""x""]})"
286,"extract x:str from ""input.txt"" if (/root: { x =/root[@pos=""noun""]/prep[@pos=""adp""]/*})"
287,"extract x:str from ""input.txt"" if (/root: { x =/*/conj[@pos=""verb""]/attr[@pos=""noun"",@text=""member""]})"
288,"extract x:str from ""input.txt"" if (/root: { x =/root/amod/agent})"
289,"extract x:str from ""input.txt"" if (/root: { x =/root[@pos=""propn""]/conj[@pos=""verb""]/advcl[@pos=""verb""]/*})"
290,"extract x:str from ""input.txt"" if (/root: { x =/root/*/nsubj/nmod})"
291,"extract x:str from ""input.txt"" if (/root: { x =//root/dobj/relcl/attr/relcl})"
292,"extract x:str from ""input.txt"" if (/root: { x =/root/*/conj/conj/aux})"
293,"extract x:str from ""input.txt"" if (/root: { x =/*/conj/xcomp/amod})"
294,"extract x:str from ""input.txt"" if (/root: { x =/root[@pos=""verb""]/*/prep[@pos=""adp""]/pobj[@pos=""propn""]/compound[@pos=""propn"",@text=""film""]})"
295,"extract x:str from ""input.txt"" if (/root: { x =/root[@pos=""verb""]/nsubjpass[@pos=""propn""]/nummod[@pos=""num""]})"
296,"extract x:str from ""input.txt"" if (/root: { x =/root[@pos=""verb""]/*/pobj[@pos=""noun""]/det[@pos=""det"",@text=""the""]})"
297,"extract x:str from ""input.txt"" if (/root: { x =/*/oprd/prep/pcomp/advmod})"
298,"extract x:str from ""input.txt"" if (/root: { x =/root[@pos=""noun""]/conj[@pos=""x""]})"
299,"extract x:str from ""input.txt"" if (/root: { x =/root/conj/amod/compound})"
300,"extract x:str from ""input.txt"" if (/root: { x =/root/conj/*/compound})"
301,"extract x:str from ""input.txt"" if (/root: { x =//root[@pos=""verb""]/prep[@pos=""adp""]/pobj[@pos=""noun""]/amod[@pos=""adj"",@text=""rural""]})"
302,"extract x:str from ""input.txt"" if (/root: { x =/root[@pos=""verb""]/prep[@pos=""adp""]/*/det[@pos=""det"",@text=""the""]})"
303,"extract x:str from ""input.txt"" if (/root: { x =//root/agent/cc})"
304,"extract x:str from ""input.txt"" if (/root: { x =/root/ccomp/*/ccomp/mark})"
305,"extract x:str from ""input.txt"" if (/root: { x =/*/nsubj[@pos=""propn""]/prep[@pos=""adp""]/pobj[@pos=""det""]})"
306,"extract x:str from ""input.txt"" if (/root: { x =/*/nmod/advcl})"
307,"extract x:str from ""input.txt"" if (/root: { x =/root[@pos=""noun""]/prep[@pos=""adp""]/*/acl[@pos=""verb"",@text=""released""]})"
308,"extract x:str from ""input.txt"" if (/root: { x =/*/appos/intj/compound})"
309,"extract x:str from ""input.txt"" if (/root: { x =/root[@pos=""verb""]/conj[@pos=""verb""]/xcomp[@pos=""verb""]/prep[@pos=""part""]/pobj[@pos=""noun""]})"
310,"extract x:str from ""input.txt"" if (/root: { x =/root[@pos=""verb""]/conj[@pos=""verb""]/nsubj[@pos=""noun""]/acl[@pos=""verb""]/conj[@pos=""verb""]})"
311,"extract x1:str from ""input.txt"" if (/root: {x1=root/appos/nummod})"
312,"extract x1:str from ""input.txt"" if (/root: {x1=root/appos/punct})"
313,"extract x1:str from ""input.txt"" if (/root: {x1=root/pobj/compound})"
314,"extract x1:str from ""input.txt"" if (/root: {x1=root/pobj/det})"
315,"extract x1:str from ""input.txt"" if (/root: {x1=root/prep/pobj})"
316,"extract x1:str from ""input.txt"" if (/root: {x1=root/appos,x2=x1/punct,x3=x1/nummod})"
317,"extract x1:str from ""input.txt"" if (/root: {x1=root/pobj,x2=x1/det,x3=x1/compound})"
318,"extract x1:str from ""input.txt"" if (/root: {x1=root/prep/pobj/compound})"
319,"extract x1:str from ""input.txt"" if (/root: {x1=root/prep/pobj/det})"
320,"extract x1:str from ""input.txt"" if (/root: {x1=root/relcl/prep/pobj})"
321,"extract x1:str from ""input.txt"" if (/root: {x1=root/prep/pobj,x2=x1/det,x3=x1/compound})"
322,"extract x1:str from ""input.txt"" if (/root: {x1=root/relcl/prep/pobj/compound})"
323,"extract x1:str from ""input.txt"" if (/root: {x1=root/relcl/prep/pobj/det})"
324,"extract x1:str from ""input.txt"" if (/root: {x1=root/relcl,x2=x1/nsubj,x3=x1/prep/pobj})"
325,"extract x1:str from ""input.txt"" if (/root: {x1=root/attr/relcl/prep/pobj})"
326,"extract x1:str from ""input.txt"" if (/root: {x1=root/relcl/prep/pobj,x2=x1/det,x3=x1/compound})"
327,"extract x1:str from ""input.txt"" if (/root: {x1=root/relcl,x2=x1/nsubj,x3=x1/prep/pobj/compound})"
328,"extract x1:str from ""input.txt"" if (/root: {x1=root/relcl,x2=x1/nsubj,x3=x1/prep/pobj/det})"
329,"extract x1:str from ""input.txt"" if (/root: {x1=root/attr/relcl/prep/pobj/det})"
330,"extract x1:str from ""input.txt"" if (/root: {x1=root/attr/relcl,x2=x1/nsubj,x3=x1/prep/pobj})"
331,"extract x1:str from ""input.txt"" if (/root: {x1=root/relcl,x2=x1/nsubj,x3=x1/prep/pobj,x4=x3/det,x5=x3/compound})"
332,"extract x1:str from ""input.txt"" if (/root: {x1=root/attr/relcl,x2=x1/nsubj,x3=x1/prep/pobj/det})"
333,"extract x1:str from ""input.txt"" if (/root: {x1=root/attr,x2=x1/det,x3=x1/relcl/prep/pobj/det})"
334,"extract x1:str from ""input.txt"" if (/root: {x1=root/attr,x2=x1/det,x3=x1/relcl,x4=x3/nsubj,x5=x3/prep/pobj})"
335,"extract x1:str from ""input.txt"" if (/root: {x1=root/nsubj,x2=x1/npadvmod/nummod/nmod,x3=x1/det,x4=x1/punct})"
336,"extract x1:str from ""input.txt"" if (/root: {x1=root/attr,x2=x1/det,x3=x1/relcl,x4=x3/nsubj,x5=x3/prep/pobj/det})"
337,"extract x1:str from ""input.txt"" if (/root: {x1=root/nsubj,x2=x1/npadvmod,x3=x2/nmod,x4=x2/nummod/nmod,x5=x1/det,x6=x1/punct})"
338,"extract x1:str from ""input.txt"" if (/root: {x1=root/nsubj,x2=x1/npadvmod,x3=x2/nmod,x4=x2/nummod/nmod,x5=x2/nummod,x6=x1/det})"
339,"extract x1:str from ""input.txt"" if (/root: {x1=root/nsubj,x2=x1/det,x3=x1/npadvmod/nummod/nmod,x4=x1/det,x5=x1/punct})"
340,"extract x1:str from ""input.txt"" if (/root: {x1=root/nsubj,x2=x1/det,x3=x1/npadvmod,x4=x3/nmod,x5=x3/nummod,x6=x1/det,x7=x1/punct})"
341,"extract x1:str from ""input.txt"" if (/root: {x1=root/nsubj,x2=x1/det,x3=x1/npadvmod,x4=x3/nmod,x5=x3/nummod/nmod,x6=x1/det,x7=x1/punct})"
342,"extract x1:str from ""input.txt"" if (/root: {x1=root/nsubj,x2=x1/det,x3=x1/npadvmod,x4=x3/nmod,x5=x3/nummod/nmod,x6=x3/nummod,x7=x1/det})"
343,"extract x1:str from ""input.txt"" if (/root: {x1=root,x2=x1/nsubj,x3=x1/attr,x4=x3/det,x5=x3/relcl,x6=x5/nsubj,x7=x5/prep/pobj,x8=x1/punct})"
344,"extract x1:str from ""input.txt"" if (/root: {x1=root,x2=x1/prep/pobj/relcl,x3=x2/nsubj,x4=x2/prep/pobj/det,x5=x1/punct})"
345,"extract x1:str from ""input.txt"" if (/root: {x1=root,x2=x1/nsubj,x3=x1/prep/pobj/relcl/prep/pobj/det,x4=x1/punct})"
346,"extract x1:str from ""input.txt"" if (/root: {x1=root,x2=x1/nsubj,x3=x1/prep/pobj/relcl,x4=x3/nsubj,x5=x3/prep/pobj/det,x6=x1/punct})"
347,"extract x1:str from ""input.txt"" if (/root: {x1=root,x2=x1/prep/pobj,x3=x2/det,x4=x2/compound,x5=x1/cc,x6=x1/conj/prep/pobj,x7=x1/punct})"
348,"extract x1:str from ""input.txt"" if (/root: {x1=root,x2=x1/nsubj,x3=x1/prep/pobj/compound,x4=x1/cc,x5=x1/conj/prep/pobj,x6=x1/punct})"
349,"extract x1:str from ""input.txt"" if (/root: {x1=root,x2=x1/nsubj,x3=x1/prep/pobj/det,x4=x1/cc,x5=x1/conj/prep/pobj,x6=x1/punct})"
350,"extract x1:str from ""input.txt"" if (/root: {x1=root,x2=x1/nsubj,x3=x1/prep/pobj,x4=x3/det,x5=x3/compound,x6=x1/conj/prep/pobj,x7=x1/punct})"
